{"cameraMode":{"drawMode":0,"name":"Shaded","section":"Shading Mode"},"sceneLighting":true,"audioPlay":false,"sceneViewState":{"showFog":true,"showMaterialUpdate":true,"showSkybox":true,"showFlares":true,"showImageEffects":true,"showParticleSystems":true},"in2DMode":false,"pivot":{"x":1.9879703521728516,"y":4.379170894622803,"z":-6.210686683654785},"rotation":{"x":0.19019757211208344,"y":0.01914108172059059,"z":-0.0037195621989667417,"w":0.9815636277198792},"size":13.882140159606934,"orthographic":false}